"M2_6","Inflation_m","Inflation_y","GDP_m","Unemployment","PPI_y","PMI_comp_6","PMI_comp","Ruble_rate","Urals_cost","Budget_balance","Government_spending_growth","Inflation_expectantions","Anchor","Was","Key_rate","Date","M2","Toughness","Exceeding","PPI_y_3","GDP_m_6","Inflation_m_3","Real_ruble_rate","Iflation_us","Real_ruble_rate","hh-index","Nominal_wage","Wage_pressure","Nairy","Un_gap","Government_growth_corrected","credit_economy","credit_economy_mom_pct","credit_economy_yoy_pct","credit_economy_delta_mom_pp","credit_economy_delta_yoy_pp","claims_to_organizations_trn_rub","claims_to_organizations_mom_pct","claims_to_organizations_yoy_pct","claims_to_organizations_delta_mom_pp","claims_to_organizations_delta_yoy_pp","claims_to_households_trn_rub","claims_to_households_mom_pct","claims_to_households_yoy_pct","claims_to_households_delta_mom_pp","claims_to_households_delta_yoy_pp"
"0.70","0.96","9.80","-2.70","5.80","7.30","0.60","50.60","76.50","32.80","-3.40","5.10","16.70","1.00","1.00","11.00","2/28/2016","-3.40","-5.70","5.80","7.30","-1.60","0.96","-12.20","1.37","2.40","7.20","32660.00","-4.20","5.50","0.30","-4.70","52.90","3.70","9.20","2.50","-2.10","41.30","4.80","14.20","3.20","-3.60","11.60","0.10","-5.70","0.40","0.60"
"1.00","0.63","8.10","0.00","5.80","3.50","0.70","50.80","75.90","36.90","-3.40","5.10","15.70","0.00","1.00","11.00","3/28/2016","1.00","-5.70","4.10","5.40","-1.30","0.76","-11.20","1.02","13.62","6.90","33873.00","0.03","5.52","0.28","-3.00","53.20","0.60","5.90","-3.10","-3.30","41.60","0.90","9.50","-3.90","-4.70","11.60","-0.50","-5.50","-0.60","0.20"
"1.10","0.46","7.30","-1.20","6.00","2.10","0.90","51.30","68.60","40.60","-3.40","5.10","14.70","1.00","1.00","11.00","4/28/2016","1.10","-5.00","3.30","4.30","-1.30","0.68","-10.50","0.85","9.33","7.20","35501.00","1.46","5.54","0.46","-2.20","53.10","-0.30","7.70","-0.90","1.80","41.50","-0.30","11.60","-1.20","2.10","11.60","-0.20","-4.20","0.30","1.30"
"1.20","0.44","7.30","-0.80","5.90","1.30","1.10","51.20","65.90","45.20","-3.40","5.10","14.60","0.00","0.00","11.00","5/28/2016","1.20","-4.70","3.30","2.30","-1.00","0.51","-11.80","1.13","16.76","6.80","36497.00","-1.13","5.56","0.34","-2.20","52.20","-1.70","7.80","-1.40","0.10","40.60","-2.00","11.40","-1.70","-0.20","11.50","-0.50","-3.30","-0.30","0.90"
"1.50","0.41","7.30","-0.60","5.60","3.70","2.00","53.50","66.00","49.80","-3.40","5.10","13.60","0.00","1.00","10.50","6/28/2016","1.50","-4.43","3.30","2.37","-0.80","0.44","-13.10","1.02","14.75","6.50","37270.00","1.11","5.58","0.02","-2.20","52.00","-0.30","9.10","1.40","1.30","40.50","-0.30","12.90","1.70","1.50","11.50","-0.20","-2.40","0.30","0.90"
"0.60","0.36","7.50","-0.50","5.40","5.10","2.53","52.90","64.80","48.70","-3.40","5.10","14.20","1.00","1.00","10.50","7/28/2016","0.60","-3.78","3.50","3.37","-0.97","0.40","-12.80","1.00","8.80","5.50","38447.00","1.12","5.63","-0.23","-2.40","52.30","0.60","9.50","0.90","0.40","40.80","0.70","13.20","1.00","0.30","11.50","0.20","-1.60","0.40","0.80"
"0.98","0.54","7.20","-0.80","5.30","4.50","3.17","53.10","65.00","45.40","-3.40","5.10","14.30","0.00","0.00","10.50","8/28/2016","0.50","-3.53","3.20","4.43","-0.65","0.44","-11.80","0.83","3.51","5.20","35888.00","-1.34","5.69","-0.39","-2.10","52.10","-0.50","7.90","-1.10","-1.60","40.50","-0.60","10.90","-1.30","-2.30","11.50","0.00","-1.20","-0.20","0.40"
"0.88","0.01","6.90","0.20","5.20","2.90","3.23","53.70","64.70","48.70","-3.40","5.10","12.60","0.00","1.00","10.00","9/28/2016","0.40","-3.55","2.90","4.17","-0.62","0.30","-9.70","1.06","-8.69","5.40","35405.00","3.14","5.75","-0.55","-1.80","52.70","1.20","7.20","1.70","-0.70","41.10","1.40","9.70","2.00","-1.20","11.60","0.60","-0.60","0.60","0.60"
"0.68","0.17","6.40","-0.70","5.20","5.10","4.20","55.80","63.90","48.40","-3.40","5.10","14.20","1.00","1.00","10.00","10/28/2016","-0.10","-3.30","2.40","4.17","-0.53","0.24","-7.90","1.46","-8.71","5.80","35843.00","2.51","5.83","-0.63","-1.30","52.50","-0.50","2.20","-1.70","-5.00","40.90","-0.60","3.00","-2.00","-6.70","11.60","0.10","-0.70","-0.50","-0.10"
"0.43","0.43","6.10","-0.60","5.40","3.00","5.37","56.60","63.00","48.20","-3.40","5.10","12.30","0.00","0.00","10.00","11/28/2016","-0.30","-3.58","2.10","3.67","-0.50","0.20","-6.60","1.64","-6.66","6.70","35749.00","1.07","5.90","-0.50","-1.00","52.30","-0.30","3.60","0.20","1.40","40.60","-0.50","4.70","0.10","1.70","11.70","0.60","-0.30","0.50","0.40"
"0.37","0.45","5.80","0.90","5.40","4.30","6.90","58.30","64.00","50.60","-3.40","5.10","13.70","0.00","1.00","10.00","12/28/2016","1.10","-3.23","1.80","4.13","-0.25","0.35","-5.60","1.69","-7.68","7.30","36195.00","2.74","5.85","-0.45","-0.70","52.50","0.40","4.10","0.70","0.50","40.80","0.40","5.30","0.90","0.60","11.70","0.20","0.20","-0.40","0.50"
"1.18","0.40","5.40","-0.60","5.30","7.50","6.77","55.40","61.00","56.00","-3.40","5.10","12.40","0.00","0.00","10.00","1/28/2017","5.50","-3.20","1.40","4.93","-0.27","0.43","-4.00","2.07","-23.37","7.30","47554.00","4.15","5.80","-0.50","-0.30","52.90","0.70","3.60","0.30","-0.50","41.10","0.80","4.40","0.40","-0.90","11.70","0.40","0.90","0.20","0.70"
"0.93","0.62","5.10","1.90","5.60","12.76","6.67","56.30","59.60","55.80","-1.50","0.10","11.50","1.00","1.00","10.00","2/28/2017","-1.00","-3.15","1.10","8.19","0.18","0.49","30.20","2.50","-31.61","7.00","34422.00","-1.71","5.26","0.34","-5.00","52.60","-0.50","-0.50","-1.20","-4.10","40.90","-0.60","-1.00","-1.40","-5.40","11.80","0.10","0.90","-0.30","0.00"
"1.07","0.22","4.60","-1.10","5.60","15.00","5.67","55.30","58.40","56.00","-1.50","0.10","12.90","0.00","1.00","9.75","3/28/2017","1.20","-2.48","0.60","11.75","-0.03","0.41","32.30","2.74","-32.32","7.40","35497.00","-1.81","5.25","0.35","-4.50","52.90","0.50","-0.60","1.00","-0.10","41.20","0.70","-1.10","1.30","-0.10","11.70","-0.30","1.10","-0.40","0.20"
"1.12","0.13","4.30","0.60","5.40","11.30","5.87","56.00","56.90","52.90","-1.50","0.10","11.20","1.00","1.00","9.25","4/28/2017","0.20","-2.69","0.30","13.02","0.18","0.32","29.20","2.38","-22.82","8.10","37899.00","0.45","5.24","0.16","-4.20","52.70","-0.30","-0.70","-0.80","-0.10","41.00","-0.40","-1.20","-1.10","-0.10","11.70","0.10","1.40","0.40","0.30"
"1.22","0.33","4.10","1.70","5.30","7.60","5.37","54.80","56.90","52.20","-1.50","0.10","11.00","0.00","0.00","9.25","5/28/2017","0.30","-2.25","0.10","11.30","0.57","0.23","26.90","2.20","-17.97","7.40","39225.00","1.37","5.23","0.07","-4.00","52.90","0.30","1.30","0.60","2.00","41.00","0.10","0.90","0.50","2.10","11.80","0.90","2.80","0.80","1.40"
"1.28","0.37","4.10","3.50","5.20","5.90","4.73","53.40","56.80","51.70","-1.50","0.10","10.30","0.00","1.00","9.00","6/28/2017","1.50","-2.09","0.10","8.27","1.00","0.28","24.90","1.87","-18.74","7.00","39679.00","0.36","5.22","-0.02","-4.00","53.40","1.10","2.70","0.80","1.40","41.50","1.10","2.40","1.00","1.50","12.00","1.10","4.00","0.20","1.20"
"0.53","0.61","4.40","2.90","5.10","2.90","4.13","54.20","59.10","47.20","-1.50","0.10","10.30","1.00","1.00","9.00","7/28/2017","1.00","-2.04","0.40","5.47","1.58","0.44","23.30","1.63","-12.63","5.80","41454.00","1.42","5.21","-0.11","-4.30","53.60","0.30","2.40","-0.80","-0.30","41.50","0.10","1.80","-1.00","-0.60","12.00","0.60","4.40","-0.50","0.40"
"0.55","0.07","3.90","1.80","5.10","1.80","4.13","54.80","59.50","50.40","-1.50","0.10","10.70","0.00","0.00","9.00","8/28/2017","-0.90","-1.58","-0.10","3.53","1.57","0.35","21.30","1.73","-11.58","5.60","38073.00","0.19","5.20","-0.10","-3.80","54.20","1.10","4.10","0.80","1.70","42.00","1.10","3.60","1.00","1.80","12.20","1.20","5.70","0.60","1.30"
"0.42","-0.54","3.30","2.70","4.90","4.70","4.07","53.20","58.70","52.50","-1.50","0.10","9.50","0.00","1.00","8.50","9/28/2017","0.40","-1.51","-0.70","3.13","2.20","0.05","19.90","1.94","-11.69","5.40","37099.00","-0.52","5.19","-0.29","-3.20","54.60","0.80","3.70","-0.30","-0.40","42.30","0.80","2.90","-0.30","-0.70","12.30","1.10","6.20","-0.10","0.50"
"0.45","-0.15","3.00","2.40","5.00","6.80","4.77","56.30","57.70","56.10","-1.50","0.10","9.60","1.00","1.00","8.25","10/28/2017","0.40","-1.33","-1.00","4.43","2.50","-0.21","19.10","2.23","-11.58","5.80","38047.00","1.15","5.18","-0.18","-2.90","55.10","0.90","5.10","0.10","1.40","42.60","0.70","4.30","-0.10","1.40","12.50","1.70","7.90","0.60","1.70"
"0.43","0.20","2.70","1.00","5.00","7.60","5.17","56.00","57.90","59.50","-1.50","0.10","9.90","0.00","0.00","8.25","11/28/2017","0.20","-1.34","-1.30","6.37","2.38","-0.16","18.10","2.04","-9.51","6.20","38333.00","2.53","5.16","-0.16","-2.60","55.60","0.80","6.20","-0.10","1.10","42.90","0.70","5.60","0.00","1.30","12.70","1.20","8.50","-0.50","0.60"
"0.37","0.22","2.50","-0.30","5.10","8.00","5.70","54.80","58.60","63.40","-1.50","0.10","8.70","0.00","1.00","7.75","12/28/2017","1.10","-1.43","-1.50","7.47","1.75","0.09","17.30","2.20","-9.53","6.60","38848.00","2.83","5.16","-0.06","-2.40","56.30","1.30","7.20","0.50","1.00","43.50","1.30","6.60","0.60","1.00","12.80","1.10","9.50","-0.10","1.00"
"1.17","0.42","2.50","1.40","5.10","8.40","4.73","53.40","57.90","65.60","-1.50","0.10","8.70","0.00","0.00","7.75","1/28/2018","5.80","-1.24","-1.50","8.00","1.50","0.28","16.30","2.11","-5.76","6.40","51197.00","3.16","5.15","-0.05","-2.40","56.90","1.20","7.70","-0.10","0.50","43.90","1.00","6.80","-0.30","0.20","13.00","1.60","10.90","0.50","1.40"
"0.98","0.31","2.20","1.40","5.20","5.10","4.13","54.20","56.60","69.30","2.60","1.80","8.90","1.00","1.00","7.50","2/28/2018","-2.00","-1.23","-1.80","7.17","1.43","0.32","5.70","2.07","-5.43","6.40","39017.00","9.15","5.15","0.05","-0.40","57.00","0.10","8.30","-1.10","0.60","43.80","-0.20","7.20","-1.20","0.40","13.20","1.20","12.00","-0.40","1.10"
"1.08","0.21","2.20","1.40","5.00","5.70","4.13","54.80","57.00","64.90","2.60","1.80","8.40","0.00","1.00","7.25","3/28/2018","1.00","-1.24","-1.80","6.40","1.22","0.31","4.30","2.21","-2.44","6.20","40443.00","8.63","5.14","-0.14","-0.40","56.90","-0.20","7.60","-0.30","-0.70","43.60","-0.60","5.90","-0.40","-1.30","13.30","1.20","13.80","0.00","1.80"
"1.15","0.29","2.30","1.10","5.00","4.80","4.07","53.20","57.50","68.20","2.60","1.80","8.50","1.00","1.00","7.25","4/28/2018","0.80","-1.11","-1.70","5.20","1.00","0.27","3.50","2.36","1.10","7.00","42364.00","6.38","5.13","-0.13","-0.50","57.10","0.30","8.30","0.50","0.70","43.70","0.20","6.50","0.80","0.60","13.40","0.80","14.60","-0.40","0.80"
"1.42","0.38","2.40","2.20","4.90","7.50","4.30","54.90","62.00","73.90","2.60","1.80","7.80","0.00","0.00","7.25","5/28/2018","1.80","-1.19","-1.60","6.00","1.20","0.29","0.90","2.46","8.28","6.20","43381.00","5.10","5.12","-0.22","-0.60","57.90","1.30","9.50","1.00","1.20","44.20","1.10","7.60","0.90","1.10","13.70","2.00","15.80","1.20","1.20"
"1.28","0.38","2.40","2.20","4.70","11.97","3.83","53.40","62.20","77.10","2.60","1.80","8.60","0.00","1.00","7.25","6/28/2018","0.30","-1.09","-1.60","8.09","1.62","0.35","-1.00","2.80","9.04","5.60","44076.00","5.58","5.12","-0.42","-0.60","59.20","2.30","10.80","1.00","1.30","45.30","2.50","9.10","1.40","1.50","13.90","1.60","16.40","-0.40","0.60"
"0.65","0.49","2.30","1.10","4.70","16.10","3.43","52.00","63.00","76.30","2.60","1.80","9.80","1.00","1.00","7.25","7/28/2018","2.00","-1.08","-1.70","11.86","1.57","0.42","-2.30","2.87","6.71","4.50","45848.00","5.20","5.10","-0.40","-0.50","59.50","0.50","11.10","-1.80","0.30","45.30","0.10","9.10","-2.40","0.00","14.20","1.90","17.80","0.30","1.40"
"0.90","0.27","2.50","1.80","4.70","16.60","2.37","51.70","63.00","73.90","2.60","1.80","9.70","0.00","0.00","7.25","8/28/2018","-0.50","-1.43","-1.50","14.89","1.63","0.38","-2.70","2.95","5.97","4.80","42413.00","5.80","5.10","-0.40","-0.70","59.70","0.30","10.20","-0.20","-0.90","45.30","-0.10","7.80","-0.20","-1.30","14.40","1.80","18.50","-0.10","0.70"
"0.90","0.01","3.10","1.10","4.60","15.30","1.93","52.10","67.30","75.00","2.60","1.80","9.90","0.00","1.00","7.50","9/28/2018","1.00","-1.73","-0.90","16.00","1.58","0.26","-3.60","2.70","12.44","5.20","41364.00","5.30","5.09","-0.49","-1.30","60.40","1.10","10.50","0.80","0.30","45.70","0.90","7.90","1.00","0.10","14.70","1.80","19.40","0.00","0.90"
"0.73","0.16","3.40","1.10","4.50","14.40","2.43","53.50","66.60","80.90","2.60","1.80","10.10","1.00","1.00","7.50","10/28/2018","-0.20","-2.19","-0.60","15.43","1.58","0.15","-4.80","2.28","12.41","5.40","41774.00","3.30","5.08","-0.58","-1.60","61.60","2.00","11.70","0.90","1.20","46.50","1.90","9.20","1.00","1.30","15.00","2.30","20.10","0.50","0.70"
"0.42","0.35","3.50","2.80","4.70","16.90","3.80","55.80","66.00","77.70","2.60","1.80","9.30","0.00","0.00","7.50","11/28/2018","-0.10","-2.50","-0.50","15.53","1.68","0.17","-5.50","2.52","11.44","6.00","42332.00","3.83","5.07","-0.37","-1.70","61.70","0.20","11.00","-1.80","-0.70","46.40","-0.40","8.00","-2.30","-1.20","15.30","1.90","21.00","-0.40","0.90"
"0.62","0.50","3.80","1.80","4.80","16.80","4.77","55.00","66.80","62.40","2.60","1.80","9.80","0.00","1.00","7.75","12/28/2018","1.50","-2.31","-0.20","16.03","1.62","0.34","-5.80","2.18","10.88","5.60","42595.00","2.75","5.07","-0.27","-2.00","62.50","1.30","11.00","1.10","0.00","46.90","1.20","7.90","1.60","-0.10","15.60","1.60","21.50","-0.30","0.50"
"1.12","0.84","4.30","2.50","4.80","11.70","4.90","53.90","68.30","56.20","2.60","1.80","10.20","0.00","0.00","7.75","1/28/2019","5.00","-2.21","0.30","15.13","1.85","0.56","-6.30","1.91","13.24","5.50","55569.00","1.14","5.06","-0.26","-2.50","62.70","0.30","10.10","-1.00","-0.90","46.80","-0.30","6.50","-1.50","-1.40","15.90","2.20","22.20","0.60","0.70"
"0.70","1.01","5.00","0.30","4.90","10.10","4.17","53.60","66.20","62.00","1.80","9.00","10.40","1.00","1.00","7.75","2/28/2019","-3.00","-2.23","1.00","12.87","1.60","0.78","-12.70","1.55","11.60","6.10","42263.00","0.92","5.04","-0.14","4.00","63.40","1.20","11.30","0.90","1.20","47.40","1.20","8.10","1.50","1.60","16.10","1.00","22.00","-1.20","-0.20"
"0.70","0.44","5.20","0.70","4.90","9.20","3.87","54.10","66.00","65.40","1.80","9.00","10.10","0.00","1.00","7.75","3/28/2019","1.00","-2.24","1.20","10.33","1.53","0.76","-11.60","1.52","10.51","6.30","43062.00","-1.12","5.04","-0.14","3.80","64.20","1.10","12.70","-0.10","1.40","47.60","0.50","9.20","-0.70","1.10","16.50","2.90","24.10","1.90","2.10"
"0.72","0.32","5.20","0.20","4.70","10.90","4.10","54.60","65.10","68.00","1.80","9.00","9.10","1.00","1.00","7.75","4/28/2019","-0.10","-2.38","1.20","10.07","1.38","0.59","-10.90","1.86","8.78","6.90","46324.00","1.75","5.03","-0.33","3.80","64.30","0.30","12.70","-0.80","0.00","47.60","0.00","9.10","-0.50","-0.10","16.70","0.90","24.20","-2.00","0.10"
"0.83","0.29","5.20","1.70","4.70","10.70","3.90","53.00","64.60","71.50","1.80","9.00","9.40","0.00","0.00","7.75","5/28/2019","0.60","-2.20","1.20","10.27","1.20","0.35","-9.10","2.00","1.01","6.60","48030.00","3.12","5.01","-0.31","3.80","64.90","0.90","12.20","0.60","-0.50","48.00","0.70","8.60","0.70","-0.50","16.90","1.50","23.60","0.60","-0.60"
"0.70","0.34","5.10","0.30","4.50","8.60","3.03","51.50","64.90","67.10","1.80","9.00","9.30","0.00","1.00","7.50","6/28/2019","0.70","-2.00","1.10","10.07","0.95","0.32","-7.50","1.79","1.04","6.50","47926.00","1.23","5.01","-0.51","3.90","65.40","0.70","10.50","-0.20","-1.70","48.10","0.30","6.30","-0.40","-2.30","17.30","1.80","24.00","0.30","0.40"
"0.08","0.04","4.70","0.70","4.40","4.10","1.23","49.20","63.60","64.00","1.80","9.00","9.40","1.00","1.00","7.25","7/28/2019","1.30","-1.79","0.70","7.80","0.65","0.22","-6.20","1.65","-2.03","5.60","49348.00","0.53","5.00","-0.60","4.30","65.80","0.60","10.60","-0.10","0.10","48.30","0.30","6.50","0.00","0.20","17.50","1.50","23.60","-0.30","-0.40"
"0.58","0.20","4.60","1.60","4.50","1.10","0.30","50.20","63.70","62.00","1.80","9.00","9.40","0.00","0.00","7.25","8/28/2019","0.00","-1.74","0.60","4.60","0.87","0.19","-5.10","1.81","-1.61","5.50","46509.00","2.66","5.00","-0.50","4.40","65.90","0.10","10.30","-0.50","-0.30","48.10","-0.30","6.30","-0.60","-0.20","17.80","1.40","23.10","-0.10","-0.50"
"0.50","-0.24","4.30","1.50","4.30","0.30","0.30","51.50","66.20","59.30","1.80","9.00","9.10","0.00","1.00","7.00","9/28/2019","0.50","-1.94","0.30","1.83","1.00","0.00","-4.10","1.75","-4.21","5.20","44961.00","2.00","4.99","-0.69","4.70","66.20","0.50","9.70","0.40","-0.60","48.20","0.30","5.60","0.60","-0.70","18.00","1.10","22.20","-0.30","-0.90"
"0.75","-0.16","4.00","2.00","4.50","-1.20","1.03","51.40","64.40","61.30","1.80","9.00","8.90","1.00","1.00","6.50","10/28/2019","1.40","-2.05","0.00","0.07","1.30","-0.07","-3.00","1.71","-5.74","5.40","45541.00","2.62","4.97","-0.47","5.00","67.20","1.50","9.10","1.00","-0.60","48.90","1.40","5.10","1.10","-0.50","18.30","1.80","21.60","0.70","-0.60"
"0.58","0.13","3.80","2.60","4.60","-4.90","2.07","53.30","63.70","60.90","1.80","9.00","8.60","0.00","0.00","6.50","11/28/2019","-0.40","-2.20","-0.20","-1.93","1.45","-0.09","-2.30","1.76","-5.68","6.30","46549.00","3.76","4.96","-0.36","5.20","67.40","0.40","9.40","-1.10","0.30","48.90","0.00","5.50","-1.40","0.40","18.50","1.40","21.00","-0.40","-0.60"
"0.85","0.28","3.50","2.10","4.60","-6.34","2.53","52.90","63.90","63.00","1.80","9.00","8.30","0.00","1.00","6.25","12/28/2019","2.30","-2.19","-0.50","-4.15","1.75","0.08","-1.60","2.05","-6.02","6.70","46285.00","2.76","4.96","-0.36","5.50","67.90","0.70","8.60","0.30","-0.80","49.20","0.60","4.80","0.60","-0.70","18.70","0.80","20.10","-0.60","-0.90"
"1.47","0.36","3.00","2.30","4.60","-4.26","2.67","51.80","62.30","66.90","1.80","9.00","9.00","0.00","0.00","6.25","1/28/2020","5.00","-2.16","-1.00","-5.17","2.02","0.26","-0.90","2.29","-10.40","6.80","62239.00","6.60","4.94","-0.34","6.00","68.40","0.70","9.10","0.00","0.50","49.50","0.50","5.70","-0.10","0.90","18.90","1.30","19.00","0.50","-1.10"
"1.13","0.40","2.40","1.60","4.70","-0.90","2.43","52.60","62.90","60.00","-3.80","25.30","8.30","1.00","1.00","6.00","2/28/2020","-2.00","-2.33","-1.60","-3.83","2.02","0.35","8.80","2.49","-5.16","6.80","46674.00","8.54","4.93","-0.23","22.90","68.70","0.50","8.30","-0.20","-0.80","49.60","0.30","4.80","-0.20","-0.90","19.10","0.90","18.90","-0.40","-0.10"
"1.27","0.33","2.30","2.70","4.60","-1.18","1.77","50.90","65.80","53.50","-3.80","25.30","7.90","0.00","1.00","6.00","3/28/2020","1.30","-2.30","-1.70","-2.11","2.22","0.36","6.00","2.33","-0.27","7.50","47257.00","7.94","4.91","-0.31","23.00","68.40","-0.50","6.50","-1.00","-1.80","49.10","-1.00","3.10","-1.30","-1.70","19.20","0.80","16.30","-0.10","-2.60"
"1.37","0.55","2.50","0.80","4.70","-3.20","-2.33","39.50","77.00","30.00","-3.80","25.30","7.90","1.00","1.00","5.50","4/28/2020","2.00","-2.25","-1.50","-1.76","2.02","0.43","0.40","1.54","14.65","7.60","50948.00","7.98","4.90","-0.20","22.80","69.60","1.80","8.10","2.30","1.60","50.10","2.00","5.20","3.00","2.10","19.50","1.20","16.60","0.40","0.30"
"1.63","0.83","3.10","-9.50","5.80","-10.40","-15.23","13.90","74.20","27.00","-3.80","25.30","8.00","0.00","0.00","5.50","5/28/2020","1.20","-2.34","-0.90","-4.93","0.00","0.57","-2.60","0.33","10.53","8.10","49306.00","0.06","4.88","0.92","22.20","71.90","3.30","10.70","1.50","2.60","52.00","3.90","8.50","1.90","3.30","19.80","1.70","16.90","0.50","0.30"
"1.28","0.27","3.00","-8.90","6.10","-14.10","-20.53","35.00","71.00","36.90","-3.80","25.30","8.20","0.00","1.00","4.50","6/28/2020","0.20","-2.28","-1.00","-9.23","-1.83","0.55","-3.70","0.12","5.96","6.40","50747.00","3.39","4.87","1.23","22.30","72.00","0.20","10.10","-3.10","-0.60","52.30","0.50","8.70","-3.40","0.20","19.70","-0.60","14.10","-2.30","-2.80"
"0.87","0.22","3.20","-5.90","6.20","-8.30","-17.40","48.90","70.20","41.00","-3.80","25.30","8.40","1.00","1.00","4.25","7/28/2020","2.50","-2.63","-0.80","-10.93","-3.20","0.44","-3.80","0.65","7.10","6.80","52123.00","2.92","4.84","1.36","22.10","71.60","-0.50","8.90","-0.70","-1.20","51.90","-0.80","7.50","-1.30","-1.20","19.70","0.20","12.60","0.80","-1.50"
"1.28","0.35","3.40","-4.20","6.30","-2.20","-3.10","56.80","73.00","43.40","-3.80","25.30","8.60","0.00","0.00","4.25","8/28/2020","0.50","-3.19","-0.60","-8.20","-4.17","0.28","-4.50","0.99","10.65","6.20","50145.00","4.92","4.83","1.47","21.90","72.30","0.90","9.70","1.40","0.80","52.40","0.90","8.90","1.70","1.40","19.90","0.90","12.00","0.70","-0.60"
"1.25","-0.04","3.60","-3.10","6.40","-0.90","4.33","57.30","74.30","44.30","-3.80","25.30","8.80","0.00","1.00","4.25","9/28/2020","1.10","-3.68","-0.40","-3.80","-5.13","0.18","-5.00","1.31","8.89","5.80","47649.00","2.88","4.81","1.59","21.70","73.20","1.30","10.60","0.40","0.90","53.00","1.20","9.90","0.30","1.00","20.20","1.50","12.50","0.60","0.50"
"1.13","-0.07","3.70","-2.80","6.30","0.00","5.93","53.70","77.50","41.00","-3.80","25.30","8.90","1.00","1.00","4.25","10/28/2020","1.30","-4.19","-0.30","-1.03","-5.73","0.08","-5.80","1.37","14.99","5.80","49259.00","4.96","4.79","1.51","21.60","74.40","1.60","10.70","0.30","0.10","53.80","1.40","9.90","0.20","0.00","20.60","1.90","12.70","0.40","0.20"
"0.88","0.43","4.00","-4.50","6.30","0.70","2.70","47.10","77.80","40.50","-3.80","25.30","9.70","0.00","0.00","4.25","11/28/2020","-0.30","-4.43","0.00","-0.07","-4.90","0.11","-6.70","1.18","15.84","5.80","49539.00","2.92","4.78","1.52","21.30","75.50","1.50","11.90","-0.10","1.20","54.50","1.40","11.40","0.00","1.50","21.00","1.70","13.00","-0.20","0.30"
"0.93","0.71","4.40","-3.70","6.10","2.50","-0.47","47.80","75.90","46.30","-3.80","25.30","10.10","0.00","1.00","4.25","12/28/2020","0.50","-4.75","0.40","1.07","-4.03","0.36","-7.40","1.17","13.13","5.60","49274.00","2.56","4.75","1.35","20.90","76.30","1.10","12.30","-0.40","0.40","54.90","0.80","11.60","-0.60","0.20","21.30","1.80","14.20","0.10","1.20"
"1.27","0.83","4.90","-2.60","5.90","3.60","-2.27","48.30","74.00","51.60","-3.80","25.30","11.50","0.00","0.00","4.25","1/28/2021","4.50","-5.13","0.90","2.27","-3.48","0.66","-7.80","1.36","12.87","5.40","69278.00","6.91","4.73","1.17","20.40","76.80","0.80","12.30","-0.30","0.00","55.40","0.80","11.90","0.00","0.30","21.50","0.60","13.40","-1.20","-0.80"
"0.88","0.67","5.20","-1.60","5.80","6.70","-0.53","52.30","74.90","54.00","0.40","8.30","10.50","1.00","1.00","4.25","2/28/2021","-1.80","-5.80","1.20","4.27","-3.05","0.74","-13.70","1.40","12.87","5.10","49516.00","-3.01","4.70","1.10","3.10","77.80","1.20","13.10","0.40","0.80","56.20","1.40","13.20","0.60","1.30","21.60","0.60","13.00","0.00","-0.40"
"0.87","0.78","5.70","-2.00","5.70","10.70","1.07","52.60","74.20","58.00","0.40","8.30","9.90","0.00","1.00","4.50","3/28/2021","1.00","-6.20","1.70","7.00","-2.87","0.76","-12.30","1.68","7.81","5.20","51229.00","-1.19","4.66","1.04","2.60","77.90","0.20","14.00","-1.00","0.90","56.10","0.00","14.30","-1.40","1.10","21.80","0.90","13.10","0.30","0.10"
"0.67","0.66","5.80","1.20","5.40","16.00","3.17","54.60","75.20","62.00","0.40","8.30","10.10","1.00","1.00","5.00","4/28/2021","0.10","-6.19","1.80","11.13","-2.20","0.70","-8.00","2.62","-5.57","4.70","55208.00","-1.34","4.64","0.76","2.50","78.40","0.70","12.80","0.50","-1.20","56.40","0.40","12.60","0.40","-1.70","22.10","1.30","13.30","0.40","0.20"
"0.98","0.58","5.50","11.20","5.20","27.60","3.73","54.00","75.30","65.00","0.40","8.30","11.90","0.00","0.00","5.00","5/28/2021","1.60","-6.00","1.50","18.10","0.42","0.67","-6.10","4.16","0.19","4.00","56614.00","5.42","4.61","0.59","2.80","79.20","1.00","10.20","0.30","-2.60","56.70","0.60","8.90","0.20","-3.70","22.50","2.00","13.50","0.70","0.20"
"0.90","0.74","6.00","11.60","4.90","35.30","4.93","56.20","73.30","68.00","0.40","8.30","11.30","0.00","1.00","5.50","6/28/2021","0.00","-5.91","2.00","26.30","2.97","0.66","-5.20","4.99","2.21","3.80","56171.00","0.79","4.59","0.31","2.30","80.60","1.80","12.00","0.80","1.80","57.70","1.80","10.30","1.20","1.40","22.90","2.00","16.40","0.00","2.90"
"0.25","0.70","6.50","8.90","4.80","31.10","5.07","55.00","72.60","72.00","0.40","8.30","11.90","1.00","1.00","6.50","7/28/2021","0.60","-5.80","2.50","31.33","4.88","0.67","-4.90","5.39","2.29","3.80","58782.00","2.38","4.57","0.23","1.80","81.60","1.20","13.90","-0.60","1.90","58.20","0.90","12.20","-0.90","1.90","23.40","2.10","18.60","0.10","2.20"
"0.50","0.30","6.50","5.00","4.00","28.10","4.30","51.70","73.60","74.00","0.40","8.30","13.40","0.00","0.00","6.50","8/28/2021","-0.30","-5.80","2.50","31.50","5.98","0.58","-4.60","5.37","-0.25","3.90","55170.00","-0.38","4.54","-0.54","1.80","82.10","0.60","13.60","-0.60","-0.30","58.20","-0.10","11.00","-1.00","-1.20","24.00","2.40","20.40","0.30","1.80"
"0.45","0.17","6.70","4.10","4.40","28.60","1.63","48.20","73.40","70.00","0.40","8.30","12.50","0.00","1.00","6.75","9/28/2021","0.70","-6.25","2.70","29.27","7.00","0.39","-3.90","5.25","-2.62","3.80","52355.00","-0.72","4.50","-0.10","1.60","83.10","1.20","13.60","0.60","0.00","58.70","1.00","10.80","1.10","-0.20","24.40","1.80","20.70","-0.60","0.30"
"0.65","0.60","7.40","3.70","4.30","26.30","0.13","50.50","72.50","74.00","0.40","8.30","12.30","1.00","1.00","7.50","10/28/2021","1.30","-5.96","3.40","27.67","7.42","0.36","-2.90","5.39","-8.93","3.70","54687.00","-0.28","4.47","-0.17","0.90","84.40","1.60","13.50","0.40","-0.10","59.60","1.40","10.80","0.40","0.00","24.90","1.90","20.70","0.10","0.00"
"0.43","1.11","8.10","4.90","4.30","27.50","-0.60","49.50","70.90","80.00","0.40","8.30","13.60","0.00","0.00","7.50","11/28/2021","0.30","-5.71","4.10","27.47","6.37","0.63","-1.60","6.22","-11.67","3.80","54649.00","-1.68","4.42","-0.12","0.20","85.50","1.30","13.30","-0.30","-0.20","60.20","1.10","10.50","-0.30","-0.30","25.30","1.70","20.70","-0.20","0.00"
"0.85","0.96","8.40","5.30","4.30","29.20","-0.53","48.40","74.00","78.00","0.40","8.30","13.50","0.00","1.00","8.50","12/28/2021","2.50","-5.89","4.40","27.67","5.32","0.89","-0.80","6.81","-4.10","3.80","55639.00","0.62","4.40","-0.10","-0.10","86.60","1.30","13.60","0.00","0.30","60.90","1.10","10.90","0.00","0.40","25.70","1.60","20.40","-0.10","-0.30"
"1.80","0.82","8.40","4.30","4.30","28.50","-0.63","50.20","74.10","76.00","0.40","8.30","14.80","0.00","0.00","8.50","1/28/2022","6.30","-5.41","4.40","28.40","4.55","0.96","-0.60","7.04","-1.14","3.90","77994.00","0.28","4.38","-0.08","-0.10","87.90","1.50","14.40","0.20","0.80","62.00","1.70","11.90","0.60","1.00","25.90","0.80","20.70","-0.80","0.30"
"1.62","1.00","8.70","5.80","4.40","23.10","-0.37","50.30","76.90","82.00","-2.10","25.90","13.70","1.00","1.00","20.00","2/28/2022","-1.40","-5.55","4.70","26.93","4.68","0.93","-0.70","7.48","1.50","3.90","55717.00","6.72","4.35","0.05","17.20","88.80","1.00","14.20","-0.50","-0.20","62.40","0.80","11.20","-0.90","-0.70","26.30","1.70","22.00","0.90","1.30"
"1.83","1.20","9.20","4.00","4.10","23.50","0.43","50.80","85.60","88.00","-2.10","25.90","18.30","0.00","1.00","20.00","3/28/2022","2.00","-2.78","5.20","25.03","4.67","1.01","-1.60","7.87","12.25","5.10","57344.00","5.64","4.30","-0.20","16.70","89.40","0.70","14.80","-0.30","0.60","62.90","0.70","12.00","-0.10","0.80","26.60","0.90","22.10","-0.80","0.10"
"2.00","7.60","16.70","1.50","4.10","26.70","-3.73","37.70","99.80","105.00","-2.10","25.90","18.30","1.00","2.00","14.00","4/28/2022","2.30","-0.82","12.70","24.43","4.30","3.27","-9.20","8.54","18.99","5.80","66757.00","7.12","4.26","-0.16","9.20","92.30","3.20","17.70","2.50","2.90","65.30","3.90","15.80","3.20","3.80","27.00","1.60","22.50","0.70","0.40"
"2.02","1.60","17.80","-3.30","4.00","31.50","-5.70","44.40","74.00","95.00","-2.10","25.90","12.50","1.00","1.00","11.00","5/28/2022","0.40","-0.65","13.80","27.23","2.93","3.47","-5.40","8.26","-10.73","5.90","62269.00","-4.91","4.23","-0.23","8.10","93.00","0.70","17.50","-2.50","-0.20","66.00","1.00","16.30","-2.90","0.50","27.00","0.10","20.30","-1.50","-2.20"
"1.73","0.10","17.10","-3.90","3.90","19.30","-6.57","48.20","63.20","90.00","-2.10","25.90","11.50","0.00","1.00","9.50","6/28/2022","0.80","0.55","13.10","25.83","1.40","3.10","-0.30","8.58","-25.08","5.50","62457.00","-3.01","4.19","-0.29","8.80","91.70","-1.40","13.80","-2.10","-3.70","64.90","-1.60","12.50","-2.60","-3.80","26.80","-0.90","16.90","-1.00","-3.40"
"0.83","-0.35","15.90","-5.10","3.90","11.30","-2.33","50.40","55.30","88.00","-2.10","25.90","12.40","1.00","1.00","8.00","7/28/2022","0.90","-1.53","11.90","20.70","-0.17","0.45","4.80","9.06","-39.52","5.40","66572.00","0.25","4.16","-0.26","10.00","90.60","-1.30","11.00","0.10","-2.80","63.80","-1.70","9.60","-0.10","-2.90","26.80","-0.20","14.30","0.70","-2.60"
"1.35","-0.40","15.10","-3.80","3.90","6.10","0.27","52.20","59.20","85.00","-2.10","25.90","10.80","0.00","1.00","8.00","8/28/2022","1.70","-3.05","11.10","12.23","-1.77","-0.22","8.70","8.52","-31.86","5.10","62200.00","0.54","4.13","-0.23","10.80","89.30","-1.40","8.80","-0.10","-2.20","62.50","-2.10","7.40","-0.40","-2.20","26.90","0.40","12.10","0.60","-2.20"
"1.60","-0.50","14.30","-2.80","3.80","3.80","1.00","50.40","60.20","80.00","-2.10","25.90","12.00","0.00","1.00","7.50","9/28/2022","3.50","-2.68","10.30","7.07","-2.90","-0.42","11.00","8.26","-28.73","5.00","59907.00","3.02","4.10","-0.30","11.60","91.20","2.20","9.80","3.60","1.00","64.10","2.60","9.20","4.70","1.80","27.10","1.00","11.20","0.60","-0.90"
"1.62","0.10","13.70","-4.40","3.90","3.80","1.37","51.50","59.40","78.00","-2.10","25.90","12.50","1.00","1.00","7.50","10/28/2022","2.40","-3.43","9.70","4.57","-3.88","-0.27","12.80","8.20","-28.26","5.00","61879.00","2.35","4.05","-0.15","12.20","92.90","1.80","10.00","-0.40","0.20","65.50","2.10","9.90","-0.50","0.70","27.40","1.00","10.30","0.00","-0.90"
"1.67","0.20","12.60","-2.90","3.90","0.80","-0.77","45.80","61.80","74.00","-2.10","25.90","12.80","0.00","0.00","7.50","11/28/2022","0.70","-4.18","8.60","2.80","-3.82","-0.07","13.70","7.75","-19.89","4.80","62470.00","4.61","4.02","-0.12","13.30","93.30","0.50","9.10","-1.30","-0.90","65.50","0.00","8.70","-2.10","-1.20","27.80","1.50","10.10","0.50","-0.20"
"1.73","0.40","12.00","-2.00","3.70","-1.90","-0.90","50.00","60.90","65.00","-2.10","25.90","12.20","0.00","1.00","7.50","12/28/2022","1.20","-4.40","8.00","0.90","-3.50","0.23","14.70","7.11","-27.06","4.60","63060.00","4.24","3.98","-0.28","13.90","95.90","2.70","10.70","2.20","1.60","67.70","3.50","11.20","3.50","2.50","28.10","1.00","9.40","-0.50","-0.70"
"2.50","0.80","11.90","-3.00","3.70","-3.30","-2.07","48.00","69.30","55.00","-2.10","25.90","12.10","0.00","0.00","7.50","1/28/2023","5.50","-4.88","7.90","-1.47","-3.15","0.47","15.00","6.45","-12.40","4.30","88468.00","4.43","3.94","-0.24","14.00","96.80","1.00","10.10","-1.70","-0.60","68.30","0.90","10.30","-2.60","-0.90","28.40","1.20","9.80","0.20","0.40"
"2.18","0.80","11.80","-2.60","3.60","-4.60","-0.77","49.70","69.40","52.00","-1.90","3.90","11.60","1.00","1.00","7.50","2/28/2023","-0.20","-4.90","7.80","-3.27","-2.95","0.67","15.10","6.41","-16.42","4.50","63260.00","-0.66","3.90","-0.30","-7.90","99.50","2.80","12.10","1.80","2.00","70.70","3.40","13.20","2.50","2.90","28.80","1.30","9.40","0.10","-0.40"
"1.95","0.50","11.00","-2.60","3.50","-7.50","0.27","53.10","75.20","52.00","-1.90","3.90","12.20","0.00","1.00","7.50","3/28/2023","2.10","-4.68","7.00","-5.13","-2.92","0.70","13.00","6.04","-19.16","4.00","65094.00","0.11","3.87","-0.37","-7.10","99.40","-0.10","11.20","-2.90","-0.90","70.50","-0.30","12.10","-3.70","-1.10","28.90","0.50","8.90","-0.80","-0.50"
"1.72","0.40","3.50","-0.60","3.50","-10.70","3.20","56.80","78.20","56.00","-1.90","3.90","10.70","1.00","1.00","7.50","4/28/2023","1.00","-4.53","-0.50","-7.60","-2.28","0.57","19.60","4.98","-25.82","3.60","71334.00","0.96","3.84","-0.34","0.40","101.50","2.10","9.90","2.20","-1.30","72.30","2.60","10.70","2.90","-1.40","29.20","0.90","8.10","0.40","-0.80"
"1.57","0.40","2.30","3.40","3.30","-9.00","5.00","55.10","80.30","64.00","-1.90","3.90","10.40","0.00","0.00","7.50","5/28/2023","-0.20","-4.15","-1.70","-9.07","-1.23","0.43","12.50","4.93","10.16","3.20","71204.00","9.65","3.81","-0.51","1.60","102.70","1.20","10.40","-0.90","0.50","72.90","0.90","10.60","-1.70","-0.10","29.80","1.90","10.00","1.00","1.90"
"1.67","0.30","2.50","5.40","3.20","-3.60","5.43","54.40","81.00","70.00","-1.90","3.90","10.80","0.00","1.00","7.50","6/28/2023","1.80","-3.73","-1.50","-7.77","0.00","0.37","5.20","4.05","23.14","3.30","72851.00","11.74","3.77","-0.57","1.40","104.90","2.10","14.30","0.90","3.90","74.60","2.30","14.90","1.40","4.30","30.30","1.80","12.90","-0.10","2.90"
"0.96","0.40","3.30","5.70","3.10","0.00","5.10","55.80","87.40","70.00","-1.90","3.90","10.20","1.00","1.00","8.50","7/28/2023","1.25","-3.53","-0.70","-4.20","1.45","0.37","-1.90","2.97","36.52","3.30","76604.00","9.37","3.73","-0.63","0.60","107.00","2.00","18.10","-0.10","3.80","76.10","2.00","19.30","-0.30","4.40","30.90","2.00","15.40","0.20","2.50"
"1.19","0.60","4.30","5.10","3.00","4.10","4.50","53.30","92.10","72.00","-1.90","3.90","11.10","1.00","1.00","12.00","8/28/2023","1.20","-2.78","0.30","0.17","2.73","0.43","-7.50","3.18","35.02","3.30","71419.00","8.12","3.69","-0.69","-0.40","109.00","1.90","22.00","-0.10","3.90","77.50","1.80","24.10","-0.20","4.80","31.50","2.00","17.30","0.00","1.90"
"1.19","0.30","5.20","5.20","3.00","10.60","5.00","55.90","96.20","75.00","-1.90","3.90","11.50","0.00","1.00","13.00","9/28/2023","2.10","-1.75","1.20","4.90","4.03","0.43","-11.60","3.67","36.50","3.40","69439.00","8.31","3.66","-0.66","-1.30","112.50","3.20","23.20","1.30","1.20","80.40","3.70","25.40","1.90","1.30","32.10","1.80","18.20","-0.20","0.90"
"1.11","0.90","6.00","5.60","3.00","16.70","4.63","54.70","97.90","77.00","-1.90","3.90","11.70","1.00","1.00","15.00","10/28/2023","0.50","-0.65","2.00","10.47","5.07","0.60","-14.90","3.70","37.98","3.40","70922.00","6.21","3.62","-0.62","-2.10","115.60","2.80","24.40","-0.40","1.20","82.50","2.60","26.00","-1.10","0.60","33.10","3.20","20.70","1.40","2.50"
"1.24","0.80","6.70","5.10","2.90","21.60","4.73","53.60","94.80","78.00","-1.90","3.90","11.20","0.00","0.00","15.00","11/28/2023","0.60","1.00","2.70","16.30","5.35","0.67","-17.10","3.24","32.63","3.50","73830.00","9.08","3.58","-0.68","-2.80","118.00","2.10","26.50","-0.70","2.10","83.90","1.80","28.20","-0.80","2.20","34.10","2.90","22.40","-0.30","1.70"
"1.19","1.10","7.50","4.50","2.90","21.90","3.57","52.40","90.30","74.00","-1.90","3.90","12.20","0.00","1.00","16.00","12/28/2023","1.50","2.38","3.50","20.07","5.20","0.93","-18.40","3.14","29.71","3.50","73383.00","6.47","3.54","-0.64","-3.60","119.90","1.60","25.00","-0.50","-1.50","85.10","1.30","25.60","-0.50","-2.60","34.80","2.20","23.80","-0.70","1.40"
"2.03","0.70","7.40","4.40","3.00","19.20","3.90","55.70","90.90","70.00","-1.90","3.90","14.20","0.00","0.00","16.00","1/28/2024","6.30","3.10","3.40","20.90","4.98","0.87","-19.00","3.35","20.78","3.40","103815.00","6.55","3.50","-0.50","-3.50","122.10","1.90","26.20","0.30","1.20","86.80","2.00","27.00","0.70","1.40","35.40","1.60","24.30","-0.60","0.50"
"1.75","0.90","7.40","4.60","2.90","19.40","4.40","55.10","90.00","68.00","-1.70","24.10","12.70","1.00","1.00","16.00","2/28/2024","-0.50","3.18","3.40","20.17","4.90","0.90","-18.90","3.09","19.67","3.60","75034.00","7.81","3.40","-0.50","16.70","123.90","1.50","24.60","-0.40","-1.60","88.50","2.00","25.20","0.00","-1.80","35.50","0.30","23.10","-1.30","-1.20"
"1.67","0.70","7.70","7.70","2.80","19.50","4.33","52.20","91.90","70.00","-1.70","24.10","11.90","0.00","1.00","16.00","3/28/2024","1.60","3.18","3.70","19.37","5.32","0.77","-17.90","3.15","14.57","3.30","78432.00","9.39","3.38","-0.58","16.40","124.40","0.30","25.10","-1.20","0.50","88.70","0.20","25.80","-1.80","0.60","35.70","0.60","23.30","0.30","0.20"
"1.62","0.40","7.70","4.20","2.70","19.10","3.33","52.70","92.70","72.00","-1.70","24.10","11.50","1.00","1.00","16.00","4/28/2024","0.20","3.25","3.70","19.33","5.08","0.67","-16.50","3.48","12.20","3.30","87740.00","11.90","3.35","-0.65","16.40","125.80","1.20","24.00","0.90","-1.10","89.90","1.30","24.30","1.10","-1.50","36.00","0.80","23.10","0.20","-0.20"
"2.10","0.50","7.80","4.40","2.60","18.40","2.27","51.90","92.60","68.00","-1.70","24.10","11.00","0.00","0.00","16.00","5/28/2024","3.50","3.43","3.80","19.00","4.97","0.53","-14.80","3.36","9.56","3.10","83875.00","6.60","3.33","-0.73","16.30","128.30","2.00","25.00","0.80","1.00","91.70","2.10","25.80","0.80","1.50","36.60","1.80","23.00","1.00","-0.10"
"1.75","0.70","8.30","4.50","2.60","16.20","2.00","51.40","90.00","65.00","-1.70","24.10","11.70","0.00","1.00","16.00","6/28/2024","-0.60","4.23","4.30","17.90","4.97","0.53","-13.60","3.27","5.62","3.20","86384.00","6.88","3.30","-0.70","15.80","130.50","1.70","24.50","-0.30","-0.50","93.30","1.80","25.20","-0.30","-0.60","37.20","1.60","22.80","-0.20","-0.20"
"0.87","0.60","8.60","3.00","2.40","14.00","1.03","49.80","88.10","66.00","-1.70","24.10","11.90","1.00","1.00","18.00","7/28/2024","1.00","4.48","4.60","16.20","4.73","0.60","-11.60","2.97","-4.63","3.60","89145.00","4.37","3.27","-0.87","15.50","133.00","1.90","24.40","0.20","-0.10","95.20","2.00","25.10","0.20","-0.10","37.90","1.80","22.60","0.20","-0.20"
"1.07","1.10","9.10","3.50","2.40","13.70","1.03","51.90","86.70","64.00","-1.70","24.10","12.40","0.00","0.00","18.00","8/28/2024","0.70","4.98","5.10","14.63","4.55","0.80","-8.80","2.89","-12.63","3.70","85017.00","6.54","3.25","-0.85","15.00","133.90","0.60","22.80","-1.30","-1.60","95.00","-0.20","22.60","-2.20","-2.50","38.90","2.60","23.30","0.80","0.70"
"1.10","0.20","9.10","2.40","2.40","10.20","1.27","52.10","90.40","62.00","-1.70","24.10","12.90","0.00","1.00","19.00","9/28/2024","1.80","5.25","5.10","12.63","3.67","0.63","-6.20","2.53","-13.23","3.80","82218.00","5.90","3.21","-0.81","15.00","136.10","1.70","21.10","1.10","-1.70","97.00","2.10","20.60","2.30","-2.00","39.20","0.80","22.10","-1.80","-1.20"
"1.28","0.50","8.60","3.20","2.40","5.60","1.13","49.40","92.90","65.00","-1.70","24.10","12.50","1.00","1.00","21.00","10/28/2024","1.30","5.53","4.60","9.83","3.50","0.60","-4.40","2.44","-11.72","4.10","84324.00","6.90","3.17","-0.77","15.50","138.90","2.00","20.20","0.30","-0.90","99.30","2.40","20.40","0.30","-0.20","39.60","1.10","19.70","0.30","-2.40"
"0.92","0.80","8.50","3.20","2.30","2.70","0.80","50.90","97.40","64.00","-1.70","24.10","13.40","0.00","0.00","21.00","11/28/2024","1.30","6.58","4.50","6.17","3.30","0.50","-3.30","2.60","-2.93","4.40","86582.00","5.37","3.13","-0.83","15.60","141.00","1.60","19.50","-0.40","-0.70","101.20","2.00","20.60","-0.40","0.20","39.80","0.50","16.90","-0.60","-2.80"
"1.37","1.40","8.90","3.60","2.30","3.90","0.97","52.60","102.90","67.00","-1.70","24.10","13.40","0.00","1.00","21.00","12/28/2024","2.10","6.95","4.90","4.07","3.15","0.90","-3.40","2.75","6.99","4.70","86399.00","5.44","3.09","-0.79","15.20","143.70","1.90","19.90","0.30","0.40","103.70","2.50","21.90","0.50","1.30","40.00","0.50","14.90","0.00","-2.00"
"2.13","1.30","9.50","4.50","2.30","7.90","1.53","51.10","105.90","66.00","-1.70","24.10","13.90","0.00","0.00","21.00","1/28/2025","5.60","7.45","5.50","4.83","3.40","1.17","-3.60","2.89","8.65","5.00","128665.00","11.04","3.05","-0.75","14.60","146.00","1.50","19.50","-0.40","-0.40","106.60","2.80","22.80","0.30","0.90","39.40","-1.60","11.30","-2.10","-3.60"
"1.92","1.20","9.90","3.00","2.40","9.70","2.80","54.70","98.90","62.00","-1.60","6.70","14.00","1.00","1.00","21.00","2/28/2025","-0.60","7.70","5.90","7.17","3.32","1.30","-5.90","3.00","2.90","5.40","88981.00","8.19","3.02","-0.62","-3.20","145.70","-0.20","17.50","-1.70","-2.00","106.70","0.10","20.60","-2.70","-2.20","38.90","-1.10","9.80","0.50","-1.50"
"1.78","0.80","10.10","0.80","2.40","9.80","2.07","50.40","89.80","60.00","-1.60","6.70","13.70","0.00","1.00","21.00","3/28/2025","1.00","7.33","6.10","9.13","3.05","1.10","-0.40","2.82","-9.58","5.80","89646.00","3.70","2.99","-0.59","-3.40","144.60","-0.70","16.30","-0.50","-1.20","105.90","-0.80","19.40","-0.90","-1.20","38.70","-0.40","8.60","0.70","-1.20"
"1.40","0.70","10.30","1.10","2.30","5.90","1.40","49.10","84.80","58.00","-1.60","6.70","12.90","1.00","1.00","21.00","4/28/2025","-1.00","7.25","6.30","8.47","2.70","0.90","4.50","2.39","-17.76","5.50","97645.00","0.49","2.96","-0.66","-3.60","143.90","-0.50","14.40","0.20","-1.90","105.30","-0.50","17.10","0.30","-2.30","38.60","-0.30","7.40","0.10","-1.20"
"1.33","0.40","10.20","1.90","2.30","2.70","-0.23","49.80","82.40","62.00","-1.60","6.70","13.10","0.00","0.00","21.00","5/28/2025","0.90","7.38","6.20","6.13","2.48","0.63","8.20","2.31","-21.04","5.50","97375.00","5.40","2.93","-0.63","-3.50","144.40","0.30","12.50","0.80","-1.90","105.70","0.40","15.20","0.90","-1.90","38.70","0.10","5.70","0.40","-1.70"
"1.08","0.40","9.90","1.40","2.20","0.30","0.10","51.40","79.10","66.00","-2.60","6.70","13.40","0.00","1.00","20.00","6/28/2025","0.60","7.58","5.90","2.97","2.12","0.50","10.70","2.35","-22.17","5.40","99422.00","4.69","2.89","-0.69","-3.20","145.80","1.00","11.70","0.70","-0.80","107.10","1.30","14.70","0.90","-0.50","38.70","0.10","4.10","0.00","-1.60"
"0.27","0.20","9.40","1.10","2.20","0.10","-0.10","48.50","78.60","69.00","-2.60","6.70","13.00","1.00","1.00","18.00","7/28/2025","0.70","7.48","5.40","1.03","1.55","0.33","12.10","2.67","-19.43","5.80","103183.00","5.85","2.84","-0.64","-2.70","146.40","0.40","10.10","-0.60","-1.60","107.60","0.50","13.00","-0.80","-1.70","38.90","0.40","2.60","0.30","-1.50"
"0.51","0.60","8.80","0.40","2.20","-0.30","-0.77","47.80","78.80","65.20","-2.60","6.70","13.00","0.00","0.00","18.00","8/28/2025","0.84","6.90","4.80","0.03","1.12","0.40","12.80","2.70","-16.55","6.00","99305.00","7.51","2.80","-0.60","-2.10","147.00","0.40","9.80","0.00","-0.30","108.20","0.50","13.80","0.00","0.80","38.90","0.00","0.00","-0.40","-2.60"
"0.55","-0.40","8.10","0.40","2.10","0.40","-1.53","49.10","80.20","62.10","-2.60","6.70","13.50","0.00","1.00","17.00","9/28/2025","1.27","6.13","4.10","0.07","1.05","0.13","13.30","2.92","-18.40","6.10","92866.00","4.35","2.75","-0.65","-1.40","149.00","1.40","9.50","1.00","-0.30","110.20","1.90","13.70","1.40","-0.10","38.80","-0.10","-0.90","-0.10","-0.90"
"0.68","0.30","8.00","0.90","2.20","-0.40","-2.17","46.60","82.40","58.40","-2.60","6.70","12.60","1.00","1.00","16.50","10/28/2025","-0.25","5.03","4.00","-0.10","1.02","0.17","13.50","3.01","-18.20","6.40","96182.00","5.56","2.71","-0.51","-1.30","151.50","1.70","9.10","0.30","-0.40","112.40","2.00","13.20","0.10","-0.50","39.20","0.80","-1.20","0.90","-0.30"
"0.78","0.50","7.70","1.60","2.20","0.70","-1.37","50.20","81.40","54.90","-2.60","6.70","12.60","0.00","0.00","16.50","11/28/2025","1.50","4.35","3.70","0.23","0.97","0.13","14.50","2.86","-25.29","7.20","99707.00","6.96","2.68","-0.48","-1.00","152.80","0.80","8.30","-0.90","-0.80","113.40","0.90","12.10","-1.10","-1.10","39.40","0.50","-1.10","-0.30","0.10"
"0.89","0.40","6.60","0.10","2.10","-1.10","-1.03","50.10","80.20","51.20","-2.60","6.70","13.30","1.00","1.00","16.00","12/28/2025","1.30","4.08","2.60","-0.27","0.75","0.40","15.70","2.74","-33.13","8.00","98193.00","6.55","2.64","-0.54","0.10","155.30","1.60","8.00","0.80","-0.30","115.60","1.90","11.50","1.00","-0.60","39.70","0.80","-0.80","0.30","0.30"
"1.43","0.30","5.60","1.90","2.20","-3.30","0.10","50.00","78.50","54.60","-2.60","6.70","13.70","0.00","0.00","16.00","1/28/2026","3.90","3.50","1.60","-1.23","0.88","0.40","17.10","2.68","-38.74","8.60","139727.00","2.50","2.60","-0.40","1.10","157.20","1.20","7.70","-0.40","-0.30","117.30","1.50","10.00","-0.40","-1.50","39.90","0.40","1.30","-0.40","2.10"
"1.07","1.60","6.00","-2.10","2.20","-5.00","0.73","52.10","78.10","57.20","-1.60","4.20","13.70","1.00","1.00","15.50","2/28/2026","-1.30","3.20","2.00","-3.13","0.47","0.77","33.70","2.39","-31.10","9.60","100360.00","6.29","2.68","-0.48","-1.80","156.60","-0.40","7.50","-1.60","-0.20","116.50","-0.60","9.20","-2.10","-0.80","40.00","0.40","2.80","0.00","1.50"
"1.28","0.70","5.90","0.90","2.20","-5.20","0.97","50.80","76.70","94.00","-1.60","4.20","13.10","0.00","1.00","15.00","3/28/2026","2.50","2.68","1.90","-4.50","0.55","0.87","28.80","2.41","-21.06","9.80","101600.00","6.93","2.66","-0.46","-1.70","155.50","-0.70","7.50","-0.30","0.00","115.20","-1.20","8.80","-0.60","-0.40","40.30","0.60","3.90","0.20","1.10"
